Age,PD,TD,Visual_Condition,Neutral_Corrosion,HI
19,476.3,1.91,2,47.0,14.0
22,762.7,2.43,2,53.0,15.0
25,1022.8,2.92,2,55.00000000000001,17.0
28,1414.1,3.09,2,57.99999999999999,18.0
