Age,PD,TD,Visual_Condition,Neutral_Corrosion,HI
20,578.3,2.21,2,47.0,14.0
23,790.9,2.57,2,56.00000000000001,16.0
26,1132.6,3.1,2,57.99999999999999,17.0
29,1474.7,3.54,3,62.0,21.0
