Age,PD,TD,Visual_Condition,Neutral_Corrosion,HI
0,0.0,0.0,0,0.0,0.0
3,4.2,0.18,0,14.000000000000002,2.0
6,24.3,0.43,1,22.0,5.0
9,72.5,0.76,1,28.999999999999996,7.0
