Age,PD,TD,Visual_Condition,Neutral_Corrosion,HI
18,444.0,1.76,2,43.0,13.0
21,637.2,2.15,2,50.0,15.0
24,956.3,2.77,2,56.00000000000001,16.0
27,1261.8,3.11,2,57.99999999999999,18.0
