Age,PD,TD,Visual_Condition,Neutral_Corrosion,HI
18,418.1,1.74,2,47.0,13.0
21,630.7,2.26,2,47.0,14.0
24,928.9,2.74,2,55.00000000000001,16.0
27,1249.4,3.04,2,56.99999999999999,17.0
