Age,PD,TD,Visual_Condition,Neutral_Corrosion,HI
22,711.8,2.36,2,55.00000000000001,15.0
25,1043.1,2.87,2,56.99999999999999,17.0
28,1291.7,3.22,2,61.0,18.0
31,1753.9,3.9,3,69.0,22.0
