Age,PD,TD,Visual_Condition,Neutral_Corrosion,HI
18,439.7,1.85,2,45.0,13.0
21,662.9,2.26,2,52.0,15.0
24,928.9,2.74,2,55.00000000000001,16.0
27,1249.4,3.11,2,56.99999999999999,17.0
