Age,PD,TD,Visual_Condition,Neutral_Corrosion,HI
19,486.2,1.99,2,48.0,14.0
22,748.1,2.38,2,54.0,15.0
25,1033.0,2.81,2,56.99999999999999,17.0
28,1414.1,3.35,2,57.99999999999999,18.0
