Age,PD,TD,Visual_Condition,Neutral_Corrosion,HI
18,452.6,1.76,2,44.0,13.0
21,662.9,2.28,2,49.0,15.0
24,956.3,2.56,2,55.00000000000001,16.0
27,1274.1,3.04,2,57.99999999999999,17.0
