Age,PD,TD,Visual_Condition,Neutral_Corrosion,HI
0,0.0,0.0,0,0.0,0.0
3,4.2,0.18,0,14.000000000000002,2.0
6,26.0,0.44,0,20.0,3.0
9,70.4,0.71,1,28.000000000000004,7.0
