Age,PD,TD,Visual_Condition,Neutral_Corrosion,HI
19,516.0,1.91,2,47.0,14.0
22,733.6,2.45,2,55.00000000000001,15.0
25,982.3,2.73,2,56.99999999999999,17.0
28,1346.1,3.29,2,65.0,18.0
