Age,PD,TD,Visual_Condition,Neutral_Corrosion,HI
19,511.0,2.05,2,46.0,14.0
22,748.1,2.47,2,55.00000000000001,15.0
25,962.1,2.81,2,56.99999999999999,17.0
28,1427.7,3.39,2,62.0,18.0
