Age,PD,TD,Visual_Condition,Neutral_Corrosion,HI
19,511.0,1.91,2,46.0,14.0
22,733.6,2.43,2,55.00000000000001,15.0
25,1053.2,2.7,2,56.99999999999999,17.0
28,1400.5,3.32,3,57.99999999999999,20.0
