Age,PD,TD,Visual_Condition,Neutral_Corrosion,HI
17,386.4,1.65,1,42.0,10.0
20,544.2,2.17,2,47.0,14.0
23,782.7,2.65,2,56.99999999999999,16.0
26,1076.6,2.96,2,57.99999999999999,17.0
