Age,PD,TD,Visual_Condition,Neutral_Corrosion,HI
3,4.1,0.17,0,14.000000000000002,2.0
6,23.8,0.46,1,22.0,5.0
9,69.7,0.77,1,28.000000000000004,7.0
12,147.2,1.11,1,35.0,8.0
