Age,PD,TD,Visual_Condition,Neutral_Corrosion,HI
24,938.0,2.64,2,56.99999999999999,16.0
27,1286.5,2.95,2,57.99999999999999,17.0
30,1545.5,3.6,2,61.0,19.0
33,2105.2,4.23,3,65.0,23.0
