Age,PD,TD,Visual_Condition,Neutral_Corrosion,HI
22,762.7,2.43,2,52.0,15.0
25,1033.0,2.73,2,55.00000000000001,16.0
28,1359.7,3.13,2,57.99999999999999,18.0
31,1700.8,3.79,2,66.0,20.0
