Age,PD,TD,Visual_Condition,Neutral_Corrosion,HI
17,364.1,1.62,2,42.0,13.0
20,561.2,2.08,2,48.0,14.0
23,790.9,2.62,2,55.00000000000001,16.0
26,1177.5,3.1,2,55.00000000000001,17.0
