Age,PD,TD,Visual_Condition,Neutral_Corrosion,HI
23,799.0,2.42,2,55.00000000000001,16.0
26,1110.2,2.9,2,56.00000000000001,17.0
29,1519.4,3.27,2,63.0,19.0
32,1962.6,3.83,3,71.0,23.0
