Age,PD,TD,Visual_Condition,Neutral_Corrosion,HI
17,390.1,1.72,1,46.0,11.0
20,555.6,2.0,2,47.0,14.0
23,774.6,2.4,2,56.99999999999999,16.0
26,1076.6,2.96,2,57.99999999999999,17.0
