Age,PD,TD,Visual_Condition,Neutral_Corrosion,HI
18,452.6,1.78,1,47.0,11.0
21,617.8,2.24,2,51.0,15.0
24,874.3,2.77,2,56.00000000000001,16.0
27,1286.5,3.26,2,57.99999999999999,18.0
