Age,PD,TD,Visual_Condition,Neutral_Corrosion,HI
24,947.2,2.64,2,57.99999999999999,16.0
27,1224.7,3.07,2,57.99999999999999,17.0
30,1594.3,3.7,2,61.0,19.0
33,2001.0,4.15,3,65.0,23.0
