Age,PD,TD,Visual_Condition,Neutral_Corrosion,HI
18,418.1,1.89,2,48.0,13.0
21,611.4,2.15,2,49.0,14.0
24,892.5,2.66,2,55.00000000000001,16.0
27,1261.8,3.07,2,56.00000000000001,17.0
