Age,PD,TD,Visual_Condition,Neutral_Corrosion,HI
18,444.0,1.92,2,43.0,13.0
21,650.0,2.17,2,50.0,15.0
24,938.0,2.66,2,56.00000000000001,16.0
27,1175.2,3.01,2,57.99999999999999,17.0
