Age,PD,TD,Visual_Condition,Neutral_Corrosion,HI
3,4.0,0.17,0,14.000000000000002,2.0
6,25.3,0.45,0,21.0,3.0
9,70.4,0.75,1,28.999999999999996,7.0
12,157.7,1.13,1,36.0,8.0
