Age,PD,TD,Visual_Condition,Neutral_Corrosion,HI
19,511.0,1.93,2,48.0,14.0
22,733.6,2.47,2,53.0,15.0
25,1012.7,2.81,2,55.00000000000001,17.0
28,1373.3,3.42,2,57.99999999999999,18.0
