Age,PD,TD,Visual_Condition,Neutral_Corrosion,HI
23,782.7,2.55,2,56.00000000000001,16.0
26,1076.6,2.99,2,57.99999999999999,17.0
29,1489.6,3.24,2,62.0,19.0
32,1885.6,3.87,3,67.0,23.0
