Age,PD,TD,Visual_Condition,Neutral_Corrosion,HI
23,807.2,2.5,2,56.00000000000001,16.0
26,1143.8,2.81,2,57.99999999999999,17.0
29,1474.7,3.58,3,60.0,21.0
32,1866.4,3.95,3,70.0,23.0
