Age,PD,TD,Visual_Condition,Neutral_Corrosion,HI
18,444.0,1.78,1,48.0,11.0
21,656.5,2.33,2,48.0,15.0
24,938.0,2.72,2,56.00000000000001,16.0
27,1286.5,3.01,2,56.99999999999999,17.0
