Age,PD,TD,Visual_Condition,Neutral_Corrosion,HI
18,409.5,1.91,2,44.0,13.0
21,675.8,2.35,2,50.0,15.0
24,901.6,2.64,2,55.00000000000001,16.0
27,1298.9,3.01,2,56.00000000000001,17.0
