Age,PD,TD,Visual_Condition,Neutral_Corrosion,HI
24,956.3,2.61,2,56.99999999999999,16.0
27,1224.7,3.17,2,57.99999999999999,18.0
30,1594.3,3.6,3,62.0,21.0
33,2146.9,3.95,3,70.0,23.0
