Age,PD,TD,Visual_Condition,Neutral_Corrosion,HI
19,481.2,1.87,2,46.0,14.0
22,711.8,2.26,2,52.0,15.0
25,972.2,2.89,2,56.00000000000001,17.0
28,1386.9,3.22,2,57.99999999999999,18.0
