Age,PD,TD,Visual_Condition,Neutral_Corrosion,HI
19,486.2,2.05,2,49.0,14.0
22,690.0,2.26,2,55.00000000000001,15.0
25,1022.8,2.95,2,55.00000000000001,17.0
28,1291.7,3.32,2,63.0,18.0
