Age,PD,TD,Visual_Condition,Neutral_Corrosion,HI
0,0.0,0.0,0,0.0,0.0
3,4.3,0.19,0,14.000000000000002,2.0
6,26.0,0.42,1,22.0,5.0
9,69.7,0.74,1,28.000000000000004,7.0
