Age,PD,TD,Visual_Condition,Neutral_Corrosion,HI
3,4.3,0.17,0,14.000000000000002,2.0
6,24.8,0.45,0,20.0,3.0
9,73.2,0.77,1,28.999999999999996,7.0
12,154.7,1.03,1,36.0,8.0
