Age,PD,TD,Visual_Condition,Neutral_Corrosion,HI
20,572.6,2.02,2,51.0,14.0
23,831.6,2.55,2,55.00000000000001,16.0
26,1155.1,2.9,2,56.00000000000001,17.0
29,1519.4,3.41,2,64.0,19.0
