Age,PD,TD,Visual_Condition,Neutral_Corrosion,HI
23,847.9,2.47,2,55.00000000000001,16.0
26,1177.5,3.02,2,55.00000000000001,17.0
29,1415.1,3.58,3,62.0,21.0
32,1962.6,3.76,3,65.0,22.0
