Age,PD,TD,Visual_Condition,Neutral_Corrosion,HI
20,595.3,2.1,2,48.0,14.0
23,807.2,2.47,2,56.00000000000001,16.0
26,1076.6,2.93,2,57.99999999999999,17.0
29,1519.4,3.54,2,60.0,19.0
