Age,PD,TD,Visual_Condition,Neutral_Corrosion,HI
24,938.0,2.69,2,55.00000000000001,16.0
27,1286.5,3.23,2,57.99999999999999,18.0
30,1545.5,3.53,3,61.0,21.0
33,2105.2,4.23,3,73.0,24.0
