Age,PD,TD,Visual_Condition,Neutral_Corrosion,HI
20,583.9,2.19,2,51.0,14.0
23,815.3,2.5,2,56.00000000000001,16.0
26,1155.1,2.84,2,56.99999999999999,17.0
29,1459.8,3.44,2,61.0,19.0
