Age,PD,TD,Visual_Condition,Neutral_Corrosion,HI
17,356.7,1.63,1,41.0,10.0
20,555.6,2.02,2,48.0,14.0
23,815.3,2.62,2,56.00000000000001,16.0
26,1177.5,2.99,2,56.00000000000001,17.0
