Age,PD,TD,Visual_Condition,Neutral_Corrosion,HI
21,624.3,2.26,2,53.0,15.0
24,874.3,2.58,2,56.00000000000001,16.0
27,1286.5,3.01,2,56.00000000000001,17.0
30,1659.4,3.53,3,66.0,22.0
