Age,PD,TD,Visual_Condition,Neutral_Corrosion,HI
24,919.8,2.77,2,57.99999999999999,16.0
27,1249.4,2.98,2,57.99999999999999,17.0
30,1708.2,3.7,3,63.0,22.0
33,2042.7,3.91,3,72.0,23.0
