Age,PD,TD,Visual_Condition,Neutral_Corrosion,HI
16,317.4,1.64,1,44.0,10.0
19,496.1,1.95,2,48.0,14.0
22,719.1,2.5,2,55.00000000000001,15.0
25,1043.1,2.67,2,56.00000000000001,16.0
