Age,PD,TD,Visual_Condition,Neutral_Corrosion,HI
16,320.5,1.53,1,44.0,10.0
19,476.3,1.89,2,47.0,14.0
22,711.8,2.31,2,55.00000000000001,15.0
25,1033.0,2.73,2,56.00000000000001,17.0
