Age,PD,TD,Visual_Condition,Neutral_Corrosion,HI
17,379.0,1.72,1,45.0,11.0
20,561.2,2.14,2,51.0,14.0
23,823.5,2.65,2,55.00000000000001,16.0
26,1143.8,3.1,2,57.99999999999999,17.0
