Age,PD,TD,Visual_Condition,Neutral_Corrosion,HI
20,555.6,2.04,2,50.0,14.0
23,807.2,2.65,2,56.00000000000001,16.0
26,1076.6,2.99,2,57.99999999999999,17.0
29,1549.2,3.44,2,62.0,19.0
