Age,PD,TD,Visual_Condition,Neutral_Corrosion,HI
20,561.2,2.17,2,48.0,14.0
23,839.8,2.47,2,56.00000000000001,16.0
26,1110.2,3.02,2,56.99999999999999,17.0
29,1474.7,3.27,2,67.0,19.0
