Age,PD,TD,Visual_Condition,Neutral_Corrosion,HI
20,589.6,2.1,2,49.0,14.0
23,774.6,2.5,2,55.00000000000001,16.0
26,1099.0,2.96,2,56.99999999999999,17.0
29,1504.5,3.27,3,60.0,21.0
