Age,PD,TD,Visual_Condition,Neutral_Corrosion,HI
24,892.5,2.8,2,55.00000000000001,16.0
27,1224.7,3.14,2,56.00000000000001,17.0
30,1545.5,3.7,3,66.0,22.0
33,2105.2,3.87,3,66.0,23.0
