Age,PD,TD,Visual_Condition,Neutral_Corrosion,HI
18,413.8,1.74,2,48.0,13.0
21,669.3,2.33,2,50.0,15.0
24,874.3,2.8,2,57.99999999999999,16.0
27,1175.2,3.26,2,57.99999999999999,18.0
