Age,PD,TD,Visual_Condition,Neutral_Corrosion,HI
19,471.3,2.07,2,44.0,14.0
22,755.4,2.5,2,52.0,15.0
25,1033.0,2.81,2,56.99999999999999,17.0
28,1400.5,3.22,2,57.99999999999999,18.0
