Age,PD,TD,Visual_Condition,Neutral_Corrosion,HI
16,326.9,1.57,1,40.0,10.0
19,511.0,1.87,2,44.0,13.0
22,748.1,2.45,2,55.00000000000001,15.0
25,1022.8,2.67,2,55.00000000000001,16.0
