Age,PD,TD,Visual_Condition,Neutral_Corrosion,HI
19,496.1,1.93,2,46.0,14.0
22,740.9,2.28,2,55.00000000000001,15.0
25,1033.0,2.67,2,56.99999999999999,17.0
28,1332.5,3.19,2,59.0,18.0
