Age,PD,TD,Visual_Condition,Neutral_Corrosion,HI
16,330.1,1.51,1,40.0,10.0
19,511.0,1.93,2,49.0,14.0
22,690.0,2.36,2,55.00000000000001,15.0
25,982.3,2.84,2,56.00000000000001,17.0
