Age,PD,TD,Visual_Condition,Neutral_Corrosion,HI
20,538.6,2.08,2,48.0,14.0
23,774.6,2.47,2,56.00000000000001,16.0
26,1110.2,2.9,2,57.99999999999999,17.0
29,1430.0,3.41,2,63.0,19.0
