Age,PD,TD,Visual_Condition,Neutral_Corrosion,HI
23,782.7,2.4,2,55.00000000000001,16.0
26,1132.6,3.1,2,57.99999999999999,17.0
29,1534.3,3.41,2,64.0,19.0
32,1866.4,4.07,3,67.0,23.0
