Age,PD,TD,Visual_Condition,Neutral_Corrosion,HI
21,669.3,2.33,2,47.0,14.0
24,910.7,2.8,2,57.99999999999999,16.0
27,1261.8,3.2,2,57.99999999999999,18.0
30,1626.9,3.7,3,67.0,22.0
