Age,PD,TD,Visual_Condition,Neutral_Corrosion,HI
24,956.3,2.77,2,56.00000000000001,16.0
27,1237.0,3.04,2,56.00000000000001,17.0
30,1675.7,3.38,3,61.0,21.0
33,2084.4,4.19,3,72.0,24.0
