Age,PD,TD,Visual_Condition,Neutral_Corrosion,HI
22,733.6,2.43,2,55.00000000000001,15.0
25,962.1,2.73,2,56.00000000000001,16.0
28,1400.5,3.09,3,63.0,20.0
31,1824.8,3.64,3,64.0,22.0
