Age,PD,TD,Visual_Condition,Neutral_Corrosion,HI
3,4.2,0.17,0,14.000000000000002,2.0
6,24.5,0.44,0,22.0,3.0
9,70.4,0.71,1,28.999999999999996,7.0
12,154.7,1.07,1,33.0,8.0
