Age,PD,TD,Visual_Condition,Neutral_Corrosion,HI
20,561.2,2.08,2,47.0,14.0
23,839.8,2.57,2,56.99999999999999,16.0
26,1166.3,2.84,2,56.99999999999999,17.0
29,1519.4,3.51,3,63.0,21.0
