Age,PD,TD,Visual_Condition,Neutral_Corrosion,HI
21,643.6,2.17,2,52.0,15.0
24,956.3,2.8,2,55.00000000000001,16.0
27,1286.5,3.07,2,57.99999999999999,18.0
30,1610.6,3.42,3,66.0,22.0
