Age,PD,TD,Visual_Condition,Neutral_Corrosion,HI
21,643.6,2.35,2,52.0,15.0
24,901.6,2.56,2,55.00000000000001,16.0
27,1224.7,3.01,2,56.99999999999999,17.0
30,1578.1,3.74,3,63.0,21.0
