Age,PD,TD,Visual_Condition,Neutral_Corrosion,HI
1,0.2,0.04,0,7.000000000000001,1.0
4,8.5,0.27,0,17.0,2.0
7,38.5,0.56,1,25.0,6.0
10,95.4,0.89,1,28.999999999999996,7.0
