Age,PD,TD,Visual_Condition,Neutral_Corrosion,HI
20,595.3,2.0,2,47.0,14.0
23,799.0,2.6,2,56.00000000000001,16.0
26,1065.3,2.96,2,57.99999999999999,17.0
29,1489.6,3.44,2,67.0,19.0
