Age,PD,TD,Visual_Condition,Neutral_Corrosion,HI
20,561.2,2.04,2,50.0,14.0
23,807.2,2.62,2,56.00000000000001,16.0
26,1143.8,3.02,2,56.99999999999999,17.0
29,1415.1,3.27,3,65.0,21.0
