Age,PD,TD,Visual_Condition,Neutral_Corrosion,HI
16,314.2,1.54,1,44.0,10.0
19,520.9,1.99,2,48.0,14.0
22,697.3,2.43,2,55.00000000000001,15.0
25,1012.7,2.89,2,56.99999999999999,17.0
