Age,PD,TD,Visual_Condition,Neutral_Corrosion,HI
3,4.2,0.18,0,14.000000000000002,2.0
6,25.5,0.42,1,20.0,5.0
9,69.7,0.76,1,28.999999999999996,7.0
12,148.7,1.13,1,36.0,8.0
