Age,PD,TD,Visual_Condition,Neutral_Corrosion,HI
22,690.0,2.31,2,54.0,15.0
25,1002.6,2.87,2,56.99999999999999,17.0
28,1386.9,3.39,3,57.99999999999999,20.0
31,1807.1,3.61,3,69.0,22.0
