Age,PD,TD,Visual_Condition,Neutral_Corrosion,HI
3,4.0,0.18,0,14.000000000000002,2.0
6,23.8,0.46,0,22.0,3.0
9,73.2,0.75,1,28.999999999999996,7.0
12,150.2,1.13,1,35.0,8.0
