Age,PD,TD,Visual_Condition,Neutral_Corrosion,HI
0,0.0,0.0,0,0.0,0.0
3,4.0,0.19,0,14.000000000000002,2.0
6,24.5,0.43,1,22.0,5.0
9,71.8,0.74,1,28.000000000000004,7.0
