Age,PD,TD,Visual_Condition,Neutral_Corrosion,HI
19,520.9,1.87,2,50.0,14.0
22,719.1,2.26,2,55.00000000000001,15.0
25,1022.8,2.67,2,55.00000000000001,16.0
28,1332.5,3.26,2,62.0,18.0
