Age,PD,TD,Visual_Condition,Neutral_Corrosion,HI
21,643.6,2.35,2,52.0,15.0
24,901.6,2.72,2,56.99999999999999,16.0
27,1298.9,3.17,2,57.99999999999999,18.0
30,1626.9,3.56,3,61.0,21.0
