Age,PD,TD,Visual_Condition,Neutral_Corrosion,HI
25,972.2,2.75,2,57.99999999999999,17.0
28,1359.7,3.29,2,57.99999999999999,18.0
31,1789.4,3.83,3,70.0,22.0
34,2185.0,4.11,3,71.0,24.0
