Age,PD,TD,Visual_Condition,Neutral_Corrosion,HI
21,650.0,2.13,2,53.0,15.0
24,901.6,2.74,2,56.00000000000001,16.0
27,1249.4,3.14,2,56.99999999999999,17.0
30,1675.7,3.42,3,66.0,22.0
