Age,PD,TD,Visual_Condition,Neutral_Corrosion,HI
22,755.4,2.38,2,55.00000000000001,15.0
25,1063.3,2.7,2,56.99999999999999,17.0
28,1400.5,3.19,2,57.99999999999999,18.0
31,1700.8,3.87,3,69.0,22.0
