Age,PD,TD,Visual_Condition,Neutral_Corrosion,HI
23,839.8,2.4,2,56.99999999999999,16.0
26,1155.1,2.84,2,57.99999999999999,17.0
29,1459.8,3.41,2,67.0,19.0
32,1962.6,3.91,3,72.0,23.0
