Age,PD,TD,Visual_Condition,Neutral_Corrosion,HI
24,865.2,2.69,2,56.00000000000001,16.0
27,1298.9,3.11,2,57.99999999999999,18.0
30,1545.5,3.53,2,68.0,19.0
33,2084.4,4.15,3,72.0,23.0
