Age,PD,TD,Visual_Condition,Neutral_Corrosion,HI
25,1002.6,2.95,2,56.99999999999999,17.0
28,1332.5,3.29,2,57.99999999999999,18.0
31,1807.1,3.61,3,65.0,22.0
34,2275.1,4.32,3,72.0,24.0
