Age,PD,TD,Visual_Condition,Neutral_Corrosion,HI
19,496.1,1.95,2,45.0,14.0
22,755.4,2.26,2,55.00000000000001,15.0
25,1022.8,2.84,2,56.00000000000001,17.0
28,1427.7,3.19,2,64.0,18.0
