Age,PD,TD,Visual_Condition,Neutral_Corrosion,HI
19,481.2,2.03,2,46.0,14.0
22,748.1,2.28,2,49.0,15.0
25,1012.7,2.89,2,56.00000000000001,17.0
28,1332.5,3.13,2,57.99999999999999,18.0
