Age,PD,TD,Visual_Condition,Neutral_Corrosion,HI
21,662.9,2.35,2,49.0,15.0
24,892.5,2.66,2,56.00000000000001,16.0
27,1212.3,3.11,2,56.00000000000001,17.0
30,1578.1,3.45,3,61.0,21.0
