Age,PD,TD,Visual_Condition,Neutral_Corrosion,HI
16,307.8,1.51,1,41.0,10.0
19,476.3,2.07,2,44.0,14.0
22,755.4,2.43,2,55.00000000000001,15.0
25,1063.3,2.95,2,57.99999999999999,17.0
