Age,PD,TD,Visual_Condition,Neutral_Corrosion,HI
17,353.0,1.63,1,45.0,11.0
20,583.9,2.06,2,51.0,14.0
23,782.7,2.62,2,56.00000000000001,16.0
26,1076.6,2.87,2,56.99999999999999,17.0
