Age,PD,TD,Visual_Condition,Neutral_Corrosion,HI
23,839.8,2.55,2,56.00000000000001,16.0
26,1143.8,2.99,2,56.99999999999999,17.0
29,1549.2,3.44,2,63.0,19.0
32,1962.6,4.03,3,72.0,23.0
