Age,PD,TD,Visual_Condition,Neutral_Corrosion,HI
19,520.9,1.95,2,49.0,14.0
22,697.3,2.28,2,55.00000000000001,15.0
25,1012.7,2.75,2,56.00000000000001,17.0
28,1305.3,3.42,2,63.0,18.0
