Age,PD,TD,Visual_Condition,Neutral_Corrosion,HI
17,390.1,1.74,1,44.0,11.0
20,538.6,2.12,2,51.0,14.0
23,856.1,2.45,2,55.00000000000001,16.0
26,1110.2,2.9,2,56.99999999999999,17.0
