Age,PD,TD,Visual_Condition,Neutral_Corrosion,HI
20,578.3,2.14,2,46.0,14.0
23,839.8,2.45,2,55.00000000000001,16.0
26,1143.8,2.9,2,57.99999999999999,17.0
29,1504.5,3.41,3,60.0,21.0
