Age,PD,TD,Visual_Condition,Neutral_Corrosion,HI
21,611.4,2.24,2,53.0,15.0
24,865.2,2.8,2,56.00000000000001,16.0
27,1286.5,3.01,2,57.99999999999999,17.0
30,1561.8,3.6,3,61.0,21.0
