Age,PD,TD,Visual_Condition,Neutral_Corrosion,HI
22,690.0,2.5,2,54.0,15.0
25,1043.1,2.73,2,56.00000000000001,17.0
28,1291.7,3.22,2,57.99999999999999,18.0
31,1842.5,3.72,2,62.0,20.0
