Age,PD,TD,Visual_Condition,Neutral_Corrosion,HI
20,566.9,2.19,2,46.0,14.0
23,799.0,2.47,2,55.00000000000001,16.0
26,1132.6,2.93,2,57.99999999999999,17.0
29,1444.9,3.24,2,60.0,18.0
