Age,PD,TD,Visual_Condition,Neutral_Corrosion,HI
20,583.9,2.14,2,48.0,14.0
23,774.6,2.65,2,56.00000000000001,16.0
26,1065.3,3.1,2,56.99999999999999,17.0
29,1415.1,3.44,3,62.0,21.0
