Age,PD,TD,Visual_Condition,Neutral_Corrosion,HI
24,956.3,2.66,2,57.99999999999999,16.0
27,1224.7,3.26,2,57.99999999999999,18.0
30,1578.1,3.56,3,64.0,21.0
33,2146.9,3.99,3,69.0,23.0
