Age,PD,TD,Visual_Condition,Neutral_Corrosion,HI
19,496.1,2.07,2,48.0,14.0
22,697.3,2.4,2,52.0,15.0
25,1043.1,2.89,2,55.00000000000001,17.0
28,1291.7,3.32,2,57.99999999999999,18.0
