Age,PD,TD,Visual_Condition,Neutral_Corrosion,HI
24,910.7,2.66,2,56.00000000000001,16.0
27,1224.7,3.26,2,57.99999999999999,18.0
30,1659.4,3.7,3,61.0,21.0
33,2084.4,3.87,3,65.0,23.0
