Age,PD,TD,Visual_Condition,Neutral_Corrosion,HI
17,353.0,1.75,1,45.0,11.0
20,561.2,2.14,2,51.0,14.0
23,839.8,2.57,2,55.00000000000001,16.0
26,1132.6,3.05,2,57.99999999999999,17.0
