Age,PD,TD,Visual_Condition,Neutral_Corrosion,HI
18,422.4,1.87,2,46.0,13.0
21,675.8,2.2,2,49.0,15.0
24,892.5,2.61,2,57.99999999999999,16.0
27,1261.8,3.01,2,57.99999999999999,17.0
