Age,PD,TD,Visual_Condition,Neutral_Corrosion,HI
3,4.0,0.18,0,14.000000000000002,2.0
6,23.5,0.45,0,22.0,3.0
9,67.5,0.73,1,28.000000000000004,7.0
12,145.7,1.08,1,35.0,8.0
