Age,PD,TD,Visual_Condition,Neutral_Corrosion,HI
18,413.8,1.89,2,46.0,13.0
21,624.3,2.31,2,48.0,15.0
24,892.5,2.58,2,55.00000000000001,16.0
27,1274.1,2.98,2,56.00000000000001,17.0
