Age,PD,TD,Visual_Condition,Neutral_Corrosion,HI
21,624.3,2.35,2,48.0,15.0
24,947.2,2.58,2,56.00000000000001,16.0
27,1212.3,3.23,2,56.99999999999999,18.0
30,1691.9,3.67,3,65.0,22.0
