Age,PD,TD,Visual_Condition,Neutral_Corrosion,HI
21,656.5,2.28,2,48.0,15.0
24,919.8,2.77,2,55.00000000000001,16.0
27,1274.1,2.95,2,56.99999999999999,17.0
30,1691.9,3.38,2,65.0,19.0
