Age,PD,TD,Visual_Condition,Neutral_Corrosion,HI
3,4.2,0.18,0,14.000000000000002,2.0
6,26.0,0.44,1,22.0,5.0
9,71.8,0.74,1,28.999999999999996,7.0
12,154.7,1.11,1,33.0,8.0
