Age,PD,TD,Visual_Condition,Neutral_Corrosion,HI
24,874.3,2.74,2,56.99999999999999,16.0
27,1212.3,3.2,2,57.99999999999999,18.0
30,1659.4,3.74,2,61.0,19.0
33,2105.2,3.83,3,65.0,23.0
