Age,PD,TD,Visual_Condition,Neutral_Corrosion,HI
16,314.2,1.53,1,40.0,10.0
19,520.9,1.95,2,46.0,14.0
22,740.9,2.26,2,55.00000000000001,15.0
25,982.3,2.89,2,56.99999999999999,17.0
