Age,PD,TD,Visual_Condition,Neutral_Corrosion,HI
21,643.6,2.26,2,48.0,14.0
24,901.6,2.8,2,56.00000000000001,16.0
27,1224.7,3.14,2,56.99999999999999,17.0
30,1610.6,3.49,3,68.0,22.0
