Age,PD,TD,Visual_Condition,Neutral_Corrosion,HI
21,675.8,2.24,2,52.0,15.0
24,910.7,2.77,2,57.99999999999999,16.0
27,1212.3,3.17,2,57.99999999999999,18.0
30,1561.8,3.6,3,63.0,21.0
