Age,PD,TD,Visual_Condition,Neutral_Corrosion,HI
18,444.0,1.78,2,45.0,13.0
21,656.5,2.24,2,49.0,15.0
24,865.2,2.61,2,56.99999999999999,16.0
27,1237.0,3.07,2,57.99999999999999,17.0
