Age,PD,TD,Visual_Condition,Neutral_Corrosion,HI
0,0.0,0.0,0,0.0,0.0
3,4.2,0.19,0,14.000000000000002,2.0
6,24.5,0.45,1,22.0,5.0
9,69.7,0.75,1,28.000000000000004,7.0
