Age,PD,TD,Visual_Condition,Neutral_Corrosion,HI
16,311.0,1.59,1,44.0,10.0
19,511.0,1.87,2,47.0,14.0
22,755.4,2.47,2,55.00000000000001,15.0
25,1022.8,2.89,2,56.00000000000001,17.0
