Age,PD,TD,Visual_Condition,Neutral_Corrosion,HI
24,919.8,2.61,2,56.00000000000001,16.0
27,1274.1,2.98,2,57.99999999999999,17.0
30,1626.9,3.67,3,63.0,21.0
33,2146.9,4.11,3,69.0,23.0
