Age,PD,TD,Visual_Condition,Neutral_Corrosion,HI
20,572.6,2.1,2,49.0,14.0
23,831.6,2.52,2,56.00000000000001,16.0
26,1110.2,2.84,2,57.99999999999999,17.0
29,1474.7,3.27,2,62.0,19.0
