Age,PD,TD,Visual_Condition,Neutral_Corrosion,HI
17,371.5,1.69,1,43.0,10.0
20,578.3,2.06,2,49.0,14.0
23,799.0,2.5,2,55.00000000000001,16.0
26,1065.3,3.05,2,56.00000000000001,17.0
