Age,PD,TD,Visual_Condition,Neutral_Corrosion,HI
3,3.9,0.18,0,14.000000000000002,2.0
6,23.5,0.42,1,21.0,5.0
9,69.7,0.74,1,28.000000000000004,7.0
12,144.2,1.09,1,34.0,8.0
