Age,PD,TD,Visual_Condition,Neutral_Corrosion,HI
16,333.2,1.54,1,40.0,10.0
19,481.2,1.91,2,45.0,13.0
22,711.8,2.31,2,55.00000000000001,15.0
25,1043.1,2.67,2,56.99999999999999,17.0
