Age,PD,TD,Visual_Condition,Neutral_Corrosion,HI
3,4.1,0.19,0,14.000000000000002,2.0
6,24.8,0.43,0,23.0,3.0
9,73.9,0.74,1,28.000000000000004,7.0
12,145.7,1.13,1,32.0,8.0
