Age,PD,TD,Visual_Condition,Neutral_Corrosion,HI
18,439.7,1.76,2,47.0,13.0
21,643.6,2.13,2,48.0,14.0
24,892.5,2.66,2,55.00000000000001,16.0
27,1261.8,3.07,2,57.99999999999999,18.0
