Age,PD,TD,Visual_Condition,Neutral_Corrosion,HI
24,938.0,2.69,2,57.99999999999999,16.0
27,1175.2,3.14,2,57.99999999999999,17.0
30,1691.9,3.38,3,62.0,21.0
33,2146.9,4.19,3,65.0,23.0
