Age,PD,TD,Visual_Condition,Neutral_Corrosion,HI
24,938.0,2.58,2,56.00000000000001,16.0
27,1298.9,3.01,2,56.99999999999999,17.0
30,1610.6,3.56,3,64.0,21.0
33,2042.7,4.11,3,68.0,23.0
