Age,PD,TD,Visual_Condition,Neutral_Corrosion,HI
23,799.0,2.4,2,55.00000000000001,16.0
26,1121.4,2.84,2,56.00000000000001,17.0
29,1519.4,3.54,2,60.0,19.0
32,1924.1,3.91,3,66.0,23.0
