Age,PD,TD,Visual_Condition,Neutral_Corrosion,HI
23,847.9,2.55,2,56.00000000000001,16.0
26,1087.8,3.02,2,56.99999999999999,17.0
29,1549.2,3.24,2,66.0,19.0
32,2020.3,3.8,3,69.0,23.0
