Age,PD,TD,Visual_Condition,Neutral_Corrosion,HI
3,4.0,0.18,0,14.000000000000002,2.0
6,24.8,0.46,1,20.0,5.0
9,71.8,0.76,1,28.999999999999996,7.0
12,150.2,1.09,1,33.0,8.0
