Age,PD,TD,Visual_Condition,Neutral_Corrosion,HI
16,323.7,1.54,1,39.0,10.0
19,471.3,1.97,2,46.0,14.0
22,748.1,2.5,2,55.00000000000001,15.0
25,1043.1,2.95,2,56.99999999999999,17.0
