Age,PD,TD,Visual_Condition,Neutral_Corrosion,HI
19,511.0,1.89,2,45.0,13.0
22,748.1,2.43,2,55.00000000000001,15.0
25,1043.1,2.73,2,57.99999999999999,17.0
28,1414.1,3.16,2,65.0,18.0
