Age,PD,TD,Visual_Condition,Neutral_Corrosion,HI
22,719.1,2.43,2,53.0,15.0
25,1033.0,2.89,2,57.99999999999999,17.0
28,1291.7,3.42,3,57.99999999999999,20.0
31,1700.8,3.61,3,63.0,22.0
