Age,PD,TD,Visual_Condition,Neutral_Corrosion,HI
0,0.0,0.0,0,0.0,0.0
3,4.1,0.18,0,14.000000000000002,2.0
6,23.5,0.46,1,21.0,5.0
9,71.1,0.76,1,28.999999999999996,7.0
