Age,PD,TD,Visual_Condition,Neutral_Corrosion,HI
18,452.6,1.83,1,45.0,11.0
21,643.6,2.2,2,52.0,15.0
24,892.5,2.64,2,56.00000000000001,16.0
27,1175.2,3.23,2,56.00000000000001,17.0
