Age,PD,TD,Visual_Condition,Neutral_Corrosion,HI
20,561.2,2.08,2,49.0,14.0
23,774.6,2.65,2,56.99999999999999,16.0
26,1132.6,2.9,2,57.99999999999999,17.0
29,1474.7,3.51,2,63.0,19.0
