Age,PD,TD,Visual_Condition,Neutral_Corrosion,HI
18,439.7,1.89,2,47.0,13.0
21,662.9,2.2,2,53.0,15.0
24,947.2,2.61,2,56.00000000000001,16.0
27,1212.3,3.04,2,56.99999999999999,17.0
