Age,PD,TD,Visual_Condition,Neutral_Corrosion,HI
18,418.1,1.78,1,48.0,11.0
21,630.7,2.22,2,49.0,15.0
24,865.2,2.8,2,56.99999999999999,16.0
27,1199.9,3.07,2,56.99999999999999,17.0
