Age,PD,TD,Visual_Condition,Neutral_Corrosion,HI
19,491.2,2.07,2,49.0,14.0
22,711.8,2.36,2,51.0,15.0
25,992.4,2.95,2,57.99999999999999,17.0
28,1291.7,3.16,3,57.99999999999999,20.0
