Age,PD,TD,Visual_Condition,Neutral_Corrosion,HI
21,617.8,2.26,2,50.0,15.0
24,938.0,2.64,2,56.99999999999999,16.0
27,1175.2,3.14,2,57.99999999999999,17.0
30,1545.5,3.6,2,64.0,19.0
