Age,PD,TD,Visual_Condition,Neutral_Corrosion,HI
3,4.2,0.18,0,14.000000000000002,2.0
6,25.8,0.45,1,21.0,5.0
9,73.9,0.73,1,28.000000000000004,7.0
12,142.7,1.09,1,36.0,8.0
