Age,PD,TD,Visual_Condition,Neutral_Corrosion,HI
19,506.1,2.01,2,46.0,14.0
22,748.1,2.36,2,54.0,15.0
25,992.4,2.87,2,55.00000000000001,17.0
28,1305.3,3.29,2,57.99999999999999,18.0
