Age,PD,TD,Visual_Condition,Neutral_Corrosion,HI
18,448.3,1.8,2,45.0,13.0
21,662.9,2.26,2,49.0,15.0
24,874.3,2.72,2,55.00000000000001,16.0
27,1261.8,2.95,2,57.99999999999999,17.0
