Age,PD,TD,Visual_Condition,Neutral_Corrosion,HI
22,733.6,2.33,2,55.00000000000001,15.0
25,1033.0,2.7,2,56.00000000000001,17.0
28,1414.1,3.26,2,60.0,18.0
31,1736.2,3.61,3,64.0,22.0
