Age,PD,TD,Visual_Condition,Neutral_Corrosion,HI
17,356.7,1.74,1,43.0,10.0
20,544.2,2.06,2,49.0,14.0
23,856.1,2.6,2,56.00000000000001,16.0
26,1065.3,3.08,2,56.00000000000001,17.0
