Age,PD,TD,Visual_Condition,Neutral_Corrosion,HI
1,0.2,0.04,0,7.000000000000001,1.0
4,8.5,0.27,0,16.0,2.0
7,36.6,0.53,1,23.0,6.0
10,97.2,0.85,1,28.999999999999996,7.0
