Age,PD,TD,Visual_Condition,Neutral_Corrosion,HI
20,578.3,2.02,2,49.0,14.0
23,807.2,2.6,2,55.00000000000001,16.0
26,1099.0,2.81,2,56.99999999999999,17.0
29,1519.4,3.58,2,65.0,19.0
