Age,PD,TD,Visual_Condition,Neutral_Corrosion,HI
19,491.2,2.05,2,49.0,14.0
22,704.5,2.28,2,55.00000000000001,15.0
25,1002.6,2.75,2,57.99999999999999,17.0
28,1346.1,3.32,2,62.0,18.0
