Age,PD,TD,Visual_Condition,Neutral_Corrosion,HI
19,511.0,2.03,2,44.0,14.0
22,690.0,2.47,2,55.00000000000001,15.0
25,1043.1,2.78,2,56.00000000000001,17.0
28,1291.7,3.29,2,62.0,18.0
