Age,PD,TD,Visual_Condition,Neutral_Corrosion,HI
17,386.4,1.74,1,44.0,11.0
20,595.3,2.17,2,51.0,14.0
23,831.6,2.6,2,55.00000000000001,16.0
26,1087.8,2.93,2,56.99999999999999,17.0
