Age,PD,TD,Visual_Condition,Neutral_Corrosion,HI
21,656.5,2.13,2,48.0,14.0
24,874.3,2.72,2,55.00000000000001,16.0
27,1212.3,3.11,2,56.00000000000001,17.0
30,1594.3,3.38,3,63.0,21.0
