Age,PD,TD,Visual_Condition,Neutral_Corrosion,HI
20,583.9,2.06,2,50.0,14.0
23,807.2,2.65,2,56.99999999999999,16.0
26,1155.1,3.08,2,56.99999999999999,17.0
29,1489.6,3.27,2,61.0,18.0
