Age,PD,TD,Visual_Condition,Neutral_Corrosion,HI
21,643.6,2.2,2,53.0,15.0
24,928.9,2.74,2,56.00000000000001,16.0
27,1187.6,2.95,2,56.99999999999999,17.0
30,1545.5,3.74,3,61.0,21.0
