Age,PD,TD,Visual_Condition,Neutral_Corrosion,HI
24,919.8,2.74,2,56.00000000000001,16.0
27,1274.1,3.17,2,57.99999999999999,18.0
30,1691.9,3.56,3,65.0,22.0
33,1980.1,4.19,3,66.0,23.0
