Age,PD,TD,Visual_Condition,Neutral_Corrosion,HI
23,823.5,2.45,2,56.00000000000001,16.0
26,1155.1,3.1,2,56.99999999999999,17.0
29,1474.7,3.37,2,61.0,19.0
32,1866.4,3.99,3,71.0,23.0
