Age,PD,TD,Visual_Condition,Neutral_Corrosion,HI
18,452.6,1.74,1,43.0,11.0
21,611.4,2.35,2,52.0,15.0
24,901.6,2.74,2,55.00000000000001,16.0
27,1224.7,3.23,2,57.99999999999999,18.0
