Age,PD,TD,Visual_Condition,Neutral_Corrosion,HI
20,589.6,2.17,2,47.0,14.0
23,782.7,2.57,2,56.99999999999999,16.0
26,1155.1,2.93,2,57.99999999999999,17.0
29,1549.2,3.48,2,66.0,19.0
