Age,PD,TD,Visual_Condition,Neutral_Corrosion,HI
19,511.0,1.93,2,44.0,13.0
22,755.4,2.5,2,54.0,15.0
25,1012.7,2.75,2,56.00000000000001,17.0
28,1373.3,3.35,2,57.99999999999999,18.0
