Age,PD,TD,Visual_Condition,Neutral_Corrosion,HI
23,774.6,2.6,2,56.00000000000001,16.0
26,1177.5,3.1,2,56.99999999999999,17.0
29,1534.3,3.31,2,59.0,18.0
32,1962.6,3.76,3,67.0,22.0
