Age,PD,TD,Visual_Condition,Neutral_Corrosion,HI
19,496.1,1.95,2,49.0,14.0
22,748.1,2.45,2,55.00000000000001,15.0
25,1063.3,2.81,2,56.00000000000001,17.0
28,1373.3,3.19,2,65.0,18.0
