Age,PD,TD,Visual_Condition,Neutral_Corrosion,HI
20,566.9,2.17,2,48.0,14.0
23,823.5,2.6,2,55.00000000000001,16.0
26,1177.5,3.05,2,56.99999999999999,17.0
29,1504.5,3.51,3,66.0,21.0
