Age,PD,TD,Visual_Condition,Neutral_Corrosion,HI
16,320.5,1.51,1,41.0,10.0
19,501.1,1.89,2,48.0,14.0
22,719.1,2.5,2,55.00000000000001,15.0
25,1022.8,2.92,2,56.99999999999999,17.0
