Age,PD,TD,Visual_Condition,Neutral_Corrosion,HI
19,516.0,1.99,2,48.0,14.0
22,711.8,2.45,2,50.0,15.0
25,1002.6,2.7,2,56.99999999999999,17.0
28,1427.7,3.29,3,57.99999999999999,20.0
