Age,PD,TD,Visual_Condition,Neutral_Corrosion,HI
16,307.8,1.65,1,39.0,10.0
19,486.2,1.89,2,49.0,14.0
22,697.3,2.47,2,55.00000000000001,15.0
25,962.1,2.67,2,56.99999999999999,17.0
