Age,PD,TD,Visual_Condition,Neutral_Corrosion,HI
19,476.3,1.91,2,45.0,13.0
22,704.5,2.26,2,50.0,15.0
25,1012.7,2.75,2,56.99999999999999,17.0
28,1291.7,3.35,3,57.99999999999999,20.0
