Age,PD,TD,Visual_Condition,Neutral_Corrosion,HI
20,561.2,2.08,2,49.0,14.0
23,856.1,2.5,2,55.00000000000001,16.0
26,1087.8,2.93,2,56.00000000000001,17.0
29,1430.0,3.54,2,59.0,18.0
