Age,PD,TD,Visual_Condition,Neutral_Corrosion,HI
17,390.1,1.77,1,46.0,11.0
20,589.6,2.14,2,48.0,14.0
23,839.8,2.52,2,56.00000000000001,16.0
26,1132.6,2.93,2,57.99999999999999,17.0
