Age,PD,TD,Visual_Condition,Neutral_Corrosion,HI
21,675.8,2.24,2,53.0,15.0
24,874.3,2.64,2,56.00000000000001,16.0
27,1237.0,3.04,2,56.00000000000001,17.0
30,1594.3,3.53,3,63.0,21.0
