Age,PD,TD,Visual_Condition,Neutral_Corrosion,HI
0,0.0,0.0,0,0.0,0.0
3,4.1,0.17,0,14.000000000000002,2.0
6,23.5,0.44,1,22.0,5.0
9,71.1,0.72,1,28.000000000000004,7.0
