Age,PD,TD,Visual_Condition,Neutral_Corrosion,HI
17,390.1,1.69,1,45.0,11.0
20,544.2,2.14,2,51.0,14.0
23,823.5,2.5,2,55.00000000000001,16.0
26,1099.0,3.08,2,56.99999999999999,17.0
