Age,PD,TD,Visual_Condition,Neutral_Corrosion,HI
18,439.7,1.8,1,47.0,11.0
21,624.3,2.22,2,48.0,14.0
24,938.0,2.56,2,55.00000000000001,16.0
27,1187.6,3.07,2,57.99999999999999,17.0
