Age,PD,TD,Visual_Condition,Neutral_Corrosion,HI
17,364.1,1.67,1,45.0,11.0
20,538.6,2.08,2,46.0,14.0
23,839.8,2.6,2,55.00000000000001,16.0
26,1087.8,2.87,2,56.00000000000001,17.0
