Age,PD,TD,Visual_Condition,Neutral_Corrosion,HI
24,910.7,2.69,2,56.00000000000001,16.0
27,1187.6,3.01,2,57.99999999999999,17.0
30,1691.9,3.67,3,63.0,22.0
33,2105.2,4.15,3,68.0,23.0
