Age,PD,TD,Visual_Condition,Neutral_Corrosion,HI
3,4.0,0.19,0,14.000000000000002,2.0
6,26.0,0.43,1,22.0,5.0
9,73.9,0.75,1,28.000000000000004,7.0
12,150.2,1.08,1,35.0,8.0
