Age,PD,TD,Visual_Condition,Neutral_Corrosion,HI
22,755.4,2.5,2,53.0,15.0
25,1012.7,2.7,2,55.00000000000001,16.0
28,1318.9,3.26,3,57.99999999999999,20.0
31,1860.2,3.79,3,69.0,22.0
