Age,PD,TD,Visual_Condition,Neutral_Corrosion,HI
16,317.4,1.62,1,40.0,10.0
19,501.1,1.95,2,47.0,14.0
22,740.9,2.38,2,55.00000000000001,15.0
25,1022.8,2.95,2,55.00000000000001,17.0
