Age,PD,TD,Visual_Condition,Neutral_Corrosion,HI
17,364.1,1.75,1,45.0,11.0
20,538.6,2.08,2,48.0,14.0
23,807.2,2.6,2,56.00000000000001,16.0
26,1110.2,3.08,2,57.99999999999999,17.0
