Age,PD,TD,Visual_Condition,Neutral_Corrosion,HI
25,1022.8,2.73,2,56.00000000000001,17.0
28,1332.5,3.39,2,57.99999999999999,18.0
31,1736.2,3.53,3,69.0,22.0
34,2297.6,4.19,3,74.0,24.0
