Age,PD,TD,Visual_Condition,Neutral_Corrosion,HI
24,956.3,2.72,2,55.00000000000001,16.0
27,1175.2,3.11,2,56.00000000000001,17.0
30,1691.9,3.67,3,61.0,21.0
33,2042.7,4.19,3,71.0,23.0
