Age,PD,TD,Visual_Condition,Neutral_Corrosion,HI
16,326.9,1.49,1,44.0,10.0
19,471.3,1.97,2,48.0,14.0
22,711.8,2.43,2,55.00000000000001,15.0
25,1043.1,2.81,2,56.00000000000001,17.0
