Age,PD,TD,Visual_Condition,Neutral_Corrosion,HI
24,947.2,2.56,2,56.00000000000001,16.0
27,1212.3,3.11,2,57.99999999999999,18.0
30,1561.8,3.42,3,65.0,21.0
33,2126.1,4.11,3,67.0,23.0
