Age,PD,TD,Visual_Condition,Neutral_Corrosion,HI
18,435.4,1.91,2,44.0,13.0
21,662.9,2.35,2,50.0,15.0
24,874.3,2.64,2,56.00000000000001,16.0
27,1274.1,3.23,2,57.99999999999999,18.0
