Age,PD,TD,Visual_Condition,Neutral_Corrosion,HI
23,839.8,2.42,2,55.00000000000001,16.0
26,1076.6,2.96,2,56.00000000000001,17.0
29,1564.1,3.48,2,66.0,19.0
32,1924.1,3.95,3,69.0,23.0
