Age,PD,TD,Visual_Condition,Neutral_Corrosion,HI
21,669.3,2.15,2,53.0,15.0
24,883.4,2.72,2,56.00000000000001,16.0
27,1199.9,2.95,2,56.99999999999999,17.0
30,1659.4,3.67,3,67.0,22.0
