Age,PD,TD,Visual_Condition,Neutral_Corrosion,HI
16,317.4,1.51,1,40.0,10.0
19,471.3,1.89,2,48.0,14.0
22,697.3,2.28,2,55.00000000000001,15.0
25,1033.0,2.92,2,56.99999999999999,17.0
