Age,PD,TD,Visual_Condition,Neutral_Corrosion,HI
23,807.2,2.45,2,55.00000000000001,16.0
26,1143.8,2.87,2,56.00000000000001,17.0
29,1564.1,3.58,3,67.0,21.0
32,2001.1,3.8,3,69.0,23.0
