Age,PD,TD,Visual_Condition,Neutral_Corrosion,HI
17,382.7,1.65,1,45.0,11.0
20,589.6,2.0,2,51.0,14.0
23,774.6,2.57,2,56.99999999999999,16.0
26,1143.8,2.93,2,56.99999999999999,17.0
