Age,PD,TD,Visual_Condition,Neutral_Corrosion,HI
20,595.3,2.19,2,48.0,14.0
23,831.6,2.4,2,56.00000000000001,16.0
26,1121.4,3.08,2,57.99999999999999,17.0
29,1459.8,3.54,2,61.0,19.0
