Age,PD,TD,Visual_Condition,Neutral_Corrosion,HI
1,0.2,0.04,0,7.000000000000001,1.0
4,8.2,0.26,0,17.0,2.0
7,38.5,0.51,1,25.0,6.0
10,88.8,0.88,1,28.999999999999996,7.0
