Age,PD,TD,Visual_Condition,Neutral_Corrosion,HI
20,544.2,2.02,2,46.0,14.0
23,782.7,2.57,2,56.99999999999999,16.0
26,1132.6,2.99,2,56.99999999999999,17.0
29,1519.4,3.24,2,66.0,19.0
