Age,PD,TD,Visual_Condition,Neutral_Corrosion,HI
19,511.0,1.87,2,47.0,14.0
22,690.0,2.31,2,55.00000000000001,15.0
25,972.2,2.78,2,56.99999999999999,17.0
28,1346.1,3.16,3,60.0,20.0
