Age,PD,TD,Visual_Condition,Neutral_Corrosion,HI
20,589.6,2.1,2,50.0,14.0
23,815.3,2.57,2,55.00000000000001,16.0
26,1110.2,2.93,2,56.99999999999999,17.0
29,1489.6,3.51,2,63.0,19.0
