Age,PD,TD,Visual_Condition,Neutral_Corrosion,HI
24,883.4,2.77,2,55.00000000000001,16.0
27,1298.9,3.17,2,56.99999999999999,18.0
30,1610.6,3.38,2,61.0,19.0
33,2146.9,3.83,3,70.0,23.0
