Age,PD,TD,Visual_Condition,Neutral_Corrosion,HI
19,491.2,1.91,2,47.0,14.0
22,726.3,2.47,2,55.00000000000001,15.0
25,1033.0,2.81,2,56.00000000000001,17.0
28,1332.5,3.19,2,65.0,18.0
