Age,PD,TD,Visual_Condition,Neutral_Corrosion,HI
22,748.1,2.45,2,49.0,15.0
25,1033.0,2.95,2,55.00000000000001,17.0
28,1373.3,3.19,2,57.99999999999999,18.0
31,1789.4,3.53,3,65.0,22.0
