Age,PD,TD,Visual_Condition,Neutral_Corrosion,HI
19,511.0,1.99,2,46.0,14.0
22,748.1,2.47,2,55.00000000000001,15.0
25,1022.8,2.87,2,56.99999999999999,17.0
28,1359.7,3.29,2,64.0,18.0
