Age,PD,TD,Visual_Condition,Neutral_Corrosion,HI
24,892.5,2.66,2,55.00000000000001,16.0
27,1298.9,3.2,2,57.99999999999999,18.0
30,1659.4,3.67,2,66.0,19.0
33,2021.8,3.95,3,68.0,23.0
