Age,PD,TD,Visual_Condition,Neutral_Corrosion,HI
20,561.2,2.02,2,48.0,14.0
23,774.6,2.62,2,56.00000000000001,16.0
26,1155.1,2.9,2,57.99999999999999,17.0
29,1519.4,3.58,3,62.0,21.0
