Age,PD,TD,Visual_Condition,Neutral_Corrosion,HI
21,637.2,2.35,2,49.0,15.0
24,919.8,2.61,2,57.99999999999999,16.0
27,1249.4,3.04,2,57.99999999999999,17.0
30,1708.2,3.67,3,62.0,21.0
