Age,PD,TD,Visual_Condition,Neutral_Corrosion,HI
17,364.1,1.7,1,44.0,11.0
20,538.6,2.14,2,46.0,14.0
23,847.9,2.47,2,55.00000000000001,16.0
26,1155.1,3.02,2,56.00000000000001,17.0
