Age,PD,TD,Visual_Condition,Neutral_Corrosion,HI
3,3.9,0.18,0,14.000000000000002,2.0
6,25.8,0.43,1,21.0,5.0
9,70.4,0.73,1,28.000000000000004,7.0
12,156.2,1.06,1,33.0,8.0
