Age,PD,TD,Visual_Condition,Neutral_Corrosion,HI
18,439.7,1.74,1,48.0,11.0
21,643.6,2.2,2,51.0,15.0
24,956.3,2.69,2,56.99999999999999,16.0
27,1212.3,3.11,2,57.99999999999999,18.0
