Age,PD,TD,Visual_Condition,Neutral_Corrosion,HI
21,669.3,2.17,2,52.0,15.0
24,910.7,2.58,2,55.00000000000001,16.0
27,1249.4,3.17,2,56.99999999999999,17.0
30,1594.3,3.6,3,63.0,21.0
